Reaction,Conditions,well
929EDL2056-001,Oxine_K3PO4_CuI_Dioxane,A1
929EDL2056-002,Oxine_K3PO4_Cu(OTf)2_Dioxane,A2
929EDL2056-003,Oxine_K2CO3_CuI_Dioxane,A3
929EDL2056-004,Oxine_K2CO3_Cu(OTf)2_Dioxane,A4
929EDL2056-005,Oxine_K3PO4_CuI_DMF,A5
929EDL2056-006,Oxine_K3PO4_Cu(OTf)2_DMF,A6
929EDL2056-007,Oxine_K2CO3_CuI_DMF,A7
929EDL2056-008,Oxine_K2CO3_Cu(OTf)2_DMF,A8
929EDL2056-009,Chxn-Py-Al_K3PO4_CuI_Dioxane,B1
929EDL2056-010,Chxn-Py-Al_K3PO4_Cu(OTf)2_Dioxane,B2
929EDL2056-011,Chxn-Py-Al_K2CO3_CuI_Dioxane,B3
929EDL2056-012,Chxn-Py-Al_K2CO3_Cu(OTf)2_Dioxane,B4
929EDL2056-013,Chxn-Py-Al_K3PO4_CuI_DMF,B5
929EDL2056-014,Chxn-Py-Al_K3PO4_Cu(OTf)2_DMF,B6
929EDL2056-015,Chxn-Py-Al_K2CO3_CuI_DMF,B7
929EDL2056-016,Chxn-Py-Al_K2CO3_Cu(OTf)2_DMF,B8
929EDL2056-017,THMD_K3PO4_CuI_Dioxane,C1
929EDL2056-018,THMD_K3PO4_Cu(OTf)2_Dioxane,C2
929EDL2056-019,THMD_K2CO3_CuI_Dioxane,C3
929EDL2056-020,THMD_K2CO3_Cu(OTf)2_Dioxane,C4
929EDL2056-021,THMD_K3PO4_CuI_DMF,C5
929EDL2056-022,THMD_K3PO4_Cu(OTf)2_DMF,C6
929EDL2056-023,THMD_K2CO3_CuI_DMF,C7
929EDL2056-024,THMD_K2CO3_Cu(OTf)2_DMF,C8
929EDL2056-025,BTMO_K3PO4_CuI_Dioxane,D1
929EDL2056-026,BTMO_K3PO4_Cu(OTf)2_Dioxane,D2
929EDL2056-027,BTMO_K2CO3_CuI_Dioxane,D3
929EDL2056-028,BTMO_K2CO3_Cu(OTf)2_Dioxane,D4
929EDL2056-029,BTMO_K3PO4_CuI_DMF,D5
929EDL2056-030,BTMO_K3PO4_Cu(OTf)2_DMF,D6
929EDL2056-031,BTMO_K2CO3_CuI_DMF,D7
929EDL2056-032,BTMO_K2CO3_Cu(OTf)2_DMF,D8
929EDL2056-033,DPEO_K3PO4_CuI_Dioxane,E1
929EDL2056-034,DPEO_K3PO4_Cu(OTf)2_Dioxane,E2
929EDL2056-035,DPEO_K2CO3_CuI_Dioxane,E3
929EDL2056-036,DPEO_K2CO3_Cu(OTf)2_Dioxane,E4
929EDL2056-037,DPEO_K3PO4_CuI_DMF,E5
929EDL2056-038,DPEO_K3PO4_Cu(OTf)2_DMF,E6
929EDL2056-039,DPEO_K2CO3_CuI_DMF,E7
929EDL2056-040,DPEO_K2CO3_Cu(OTf)2_DMF,E8
929EDL2056-041,DMPO_K3PO4_CuI_Dioxane,F1
929EDL2056-042,DMPO_K3PO4_Cu(OTf)2_Dioxane,F2
929EDL2056-043,DMPO_K2CO3_CuI_Dioxane,F3
929EDL2056-044,DMPO_K2CO3_Cu(OTf)2_Dioxane,F4
929EDL2056-045,DMPO_K3PO4_CuI_DMF,F5
929EDL2056-046,DMPO_K3PO4_Cu(OTf)2_DMF,F6
929EDL2056-047,DMPO_K2CO3_CuI_DMF,F7
929EDL2056-048,DMPO_K2CO3_Cu(OTf)2_DMF,F8
929EDL2056-049,"4,4'-(tBu)bpy_K3PO4_CuI_Dioxane",G1
929EDL2056-050,"4,4'-(tBu)bpy_K3PO4_Cu(OTf)2_Dioxane",G2
929EDL2056-051,"4,4'-(tBu)bpy_K2CO3_CuI_Dioxane",G3
929EDL2056-052,"4,4'-(tBu)bpy_K2CO3_Cu(OTf)2_Dioxane",G4
929EDL2056-053,"4,4'-(tBu)bpy_K3PO4_CuI_DMF",G5
929EDL2056-054,"4,4'-(tBu)bpy_K3PO4_Cu(OTf)2_DMF",G6
929EDL2056-055,"4,4'-(tBu)bpy_K2CO3_CuI_DMF",G7
929EDL2056-056,"4,4'-(tBu)bpy_K2CO3_Cu(OTf)2_DMF",G8
929EDL2056-057,TMEDA_K3PO4_CuI_Dioxane,H1
929EDL2056-058,TMEDA_K3PO4_Cu(OTf)2_Dioxane,H2
929EDL2056-059,TMEDA_K2CO3_CuI_Dioxane,H3
929EDL2056-060,TMEDA_K2CO3_Cu(OTf)2_Dioxane,H4
929EDL2056-061,TMEDA_K3PO4_CuI_DMF,H5
929EDL2056-062,TMEDA_K3PO4_Cu(OTf)2_DMF,H6
929EDL2056-063,TMEDA_K2CO3_CuI_DMF,H7
929EDL2056-064,TMEDA_K2CO3_Cu(OTf)2_DMF,H8
929EDL2056-065,DMCyDA_K3PO4_CuI_Dioxane,I1
929EDL2056-066,DMCyDA_K3PO4_Cu(OTf)2_Dioxane,I2
929EDL2056-067,DMCyDA_K2CO3_CuI_Dioxane,I3
929EDL2056-068,DMCyDA_K2CO3_Cu(OTf)2_Dioxane,I4
929EDL2056-069,DMCyDA_K3PO4_CuI_DMF,I5
929EDL2056-070,DMCyDA_K3PO4_Cu(OTf)2_DMF,I6
929EDL2056-071,DMCyDA_K2CO3_CuI_DMF,I7
929EDL2056-072,DMCyDA_K2CO3_Cu(OTf)2_DMF,I8
929EDL2056-073,"1,10-phen_K3PO4_CuI_Dioxane",J1
929EDL2056-074,"1,10-phen_K3PO4_Cu(OTf)2_Dioxane",J2
929EDL2056-075,"1,10-phen_K2CO3_CuI_Dioxane",J3
929EDL2056-076,"1,10-phen_K2CO3_Cu(OTf)2_Dioxane",J4
929EDL2056-077,"1,10-phen_K3PO4_CuI_DMF",J5
929EDL2056-078,"1,10-phen_K3PO4_Cu(OTf)2_DMF",J6
929EDL2056-079,"1,10-phen_K2CO3_CuI_DMF",J7
929EDL2056-080,"1,10-phen_K2CO3_Cu(OTf)2_DMF",J8
929EDL2056-081,"4,4'-(Me)bpy_K3PO4_CuI_Dioxane",K1
929EDL2056-082,"4,4'-(Me)bpy_K3PO4_Cu(OTf)2_Dioxane",K2
929EDL2056-083,"4,4'-(Me)bpy_K2CO3_CuI_Dioxane",K3
929EDL2056-084,"4,4'-(Me)bpy_K2CO3_Cu(OTf)2_Dioxane",K4
929EDL2056-085,"4,4'-(Me)bpy_K3PO4_CuI_DMF",K5
929EDL2056-086,"4,4'-(Me)bpy_K3PO4_Cu(OTf)2_DMF",K6
929EDL2056-087,"4,4'-(Me)bpy_K2CO3_CuI_DMF",K7
929EDL2056-088,"4,4'-(Me)bpy_K2CO3_Cu(OTf)2_DMF",K8
929EDL2056-089,"4,4'-(OMe)bpy_K3PO4_CuI_Dioxane",L1
929EDL2056-090,"4,4'-(OMe)bpy_K3PO4_Cu(OTf)2_Dioxane",L2
929EDL2056-091,"4,4'-(OMe)bpy_K2CO3_CuI_Dioxane",L3
929EDL2056-092,"4,4'-(OMe)bpy_K2CO3_Cu(OTf)2_Dioxane",L4
929EDL2056-093,"4,4'-(OMe)bpy_K3PO4_CuI_DMF",L5
929EDL2056-094,"4,4'-(OMe)bpy_K3PO4_Cu(OTf)2_DMF",L6
929EDL2056-095,"4,4'-(OMe)bpy_K2CO3_CuI_DMF",L7
929EDL2056-096,"4,4'-(OMe)bpy_K2CO3_Cu(OTf)2_DMF",L8
