ID,MW SM,Time SM,Area Abs SM,IS MW,Time IS,Area Abs IS,DP MW,Time DP,Area Abs DP
929EDL2056-001,194.97,,,273.38,5.38,34192,379.42,,0
929EDL2056-002,194.97,,,273.38,5.37,31129,379.42,,0
929EDL2056-003,194.97,,,273.38,5.37,32471,379.42,,0
929EDL2056-004,194.97,,,273.38,5.37,24395,379.42,,0
929EDL2056-005,194.97,,,273.38,5.36,28460,379.42,4.28,7776
929EDL2056-006,194.97,,,273.38,5.36,23794,379.42,,0
929EDL2056-007,194.97,,,273.38,5.36,19511,379.42,4.28,5750
929EDL2056-008,194.97,,,273.38,5.36,20778,379.42,,0
929EDL2056-009,194.97,,,273.38,5.36,46192,379.42,4.28,4853
929EDL2056-010,194.97,,,273.38,5.36,30685,379.42,,0
929EDL2056-011,194.97,,,273.38,5.36,23911,379.42,,0
929EDL2056-012,194.97,,,273.38,5.36,21870,379.42,,0
929EDL2056-013,194.97,,,273.38,5.36,25139,379.42,4.28,3712
929EDL2056-014,194.97,,,273.38,5.36,19918,379.42,,0
929EDL2056-015,194.97,,,273.38,5.36,19144,379.42,4.28,1199
929EDL2056-016,194.97,4.74,883,273.38,5.36,25762,379.42,4.28,0
929EDL2056-017,194.97,,,273.38,5.36,27838,379.42,,0
929EDL2056-018,194.97,4.74,1561,273.38,5.36,24440,379.42,,0
929EDL2056-019,194.97,,,273.38,5.36,23372,379.42,,0
929EDL2056-020,194.97,,,273.38,5.36,22543,379.42,,0
929EDL2056-021,194.97,,,273.38,5.36,20251,379.42,4.28,466
929EDL2056-022,194.97,,,273.38,5.36,21509,379.42,,0
929EDL2056-023,194.97,,,273.38,5.36,17613,379.42,4.28,405
929EDL2056-024,194.97,,,273.38,5.36,23904,379.42,,0
929EDL2056-025,194.97,,,273.38,5.36,28814,379.42,4.28,5840
929EDL2056-026,194.97,,,273.38,5.36,25945,379.42,,0
929EDL2056-027,194.97,,,273.38,5.36,27749,379.42,4.28,350
929EDL2056-028,194.97,,,273.38,5.36,23295,379.42,,0
929EDL2056-029,194.97,,,273.38,5.36,24021,379.42,,0
929EDL2056-030,194.97,,,273.38,5.36,22746,379.42,,0
929EDL2056-031,194.97,,,273.38,5.36,25417,379.42,4.28,697
929EDL2056-032,194.97,,,273.38,5.36,22207,379.42,,0
929EDL2056-033,194.97,,,273.38,5.36,29120,379.42,,0
929EDL2056-034,194.97,,,273.38,5.36,23402,379.42,,0
929EDL2056-035,194.97,,,273.38,5.36,26166,379.42,,0
929EDL2056-036,194.97,4.74,1519,273.38,5.36,22480,379.42,,0
929EDL2056-037,194.97,,,273.38,5.36,19844,379.42,4.28,624
929EDL2056-038,194.97,,,273.38,5.36,19583,379.42,,0
929EDL2056-039,194.97,,,273.38,5.36,18898,379.42,4.28,1526
929EDL2056-040,194.97,,,273.38,5.36,15723,379.42,,0
929EDL2056-041,194.97,,,273.38,5.36,28540,379.42,,0
929EDL2056-042,194.97,,,273.38,5.36,23301,379.42,,0
929EDL2056-043,194.97,,,273.38,5.36,25794,379.42,,0
929EDL2056-044,194.97,4.74,1862,273.38,5.36,23027,379.42,,0
929EDL2056-045,194.97,,,273.38,5.36,24481,379.42,4.28,2886
929EDL2056-046,194.97,,,273.38,5.36,19985,379.42,,0
929EDL2056-047,194.97,,,273.38,5.36,18987,379.42,4.28,1888
929EDL2056-048,194.97,,,273.38,5.36,21479,379.42,,0
929EDL2056-049,194.97,,,273.38,5.36,40318,379.42,,0
929EDL2056-050,194.97,,,273.38,5.36,24367,379.42,4.28,1419
929EDL2056-051,194.97,,,273.38,5.36,42927,379.42,,0
929EDL2056-052,194.97,,,273.38,5.36,26676,379.42,4.28,1034
929EDL2056-053,194.97,4.69,958,273.38,5.36,33768,379.42,,0
929EDL2056-054,194.97,,,273.38,5.36,17263,379.42,,0
929EDL2056-055,194.97,,,273.38,5.36,17545,379.42,,0
929EDL2056-056,194.97,3.41,290,273.38,5.36,21436,379.42,,0
929EDL2056-057,194.97,4.7,403,273.38,5.36,37239,379.42,,0
929EDL2056-058,194.97,,,273.38,5.36,25486,379.42,4.28,1286
929EDL2056-059,194.97,,,273.38,5.36,26818,379.42,,0
929EDL2056-060,194.97,,,273.38,5.36,24057,379.42,4.28,1469
929EDL2056-061,194.97,,,273.38,5.36,23195,379.42,,0
929EDL2056-062,194.97,,,273.38,5.36,19572,379.42,,0
929EDL2056-063,194.97,,,273.38,5.36,18278,379.42,4.28,1471
929EDL2056-064,194.97,,,273.38,5.36,16691,379.42,,0
929EDL2056-065,194.97,,,273.38,5.36,30176,379.42,4.28,21932
929EDL2056-066,194.97,,,273.38,5.36,23941,379.42,4.28,31277
929EDL2056-067,194.97,,,273.38,5.36,25478,379.42,4.28,26013
929EDL2056-068,194.97,,,273.38,5.36,22516,379.42,4.28,38024
929EDL2056-069,194.97,,,273.38,5.36,25293,379.42,4.28,12700
929EDL2056-070,194.97,,,273.38,5.36,15659,379.42,,0
929EDL2056-071,194.97,,,273.38,5.36,14178,379.42,4.28,21663
929EDL2056-072,194.97,,,273.38,5.36,22711,379.42,4.28,10935
929EDL2056-073,194.97,,,273.38,5.36,23344,379.42,4.28,973
929EDL2056-074,194.97,,,273.38,5.36,41381,379.42,,0
929EDL2056-075,194.97,,,273.38,5.36,27485,379.42,,0
929EDL2056-076,194.97,5.12,608,273.38,5.36,28233,379.42,4.28,1153
929EDL2056-077,194.97,,,273.38,5.36,35002,379.42,,0
929EDL2056-078,194.97,,,273.38,5.36,20872,379.42,,0
929EDL2056-079,194.97,5.17,15970,273.38,5.36,20332,379.42,4.28,2650
929EDL2056-080,194.97,,,273.38,5.36,24031,379.42,,0
929EDL2056-081,194.97,5.11,827,273.38,5.36,39907,379.42,,0
929EDL2056-082,194.97,,,273.38,5.36,24836,379.42,4.28,1306
929EDL2056-083,194.97,,,273.38,5.36,23696,379.42,,0
929EDL2056-084,194.97,,,273.38,5.36,21766,379.42,4.28,1012
929EDL2056-085,194.97,,,273.38,5.36,31380,379.42,,0
929EDL2056-086,194.97,,,273.38,5.36,15075,379.42,,0
929EDL2056-087,194.97,4.69,332,273.38,5.36,21030,379.42,4.28,2115
929EDL2056-088,194.97,,,273.38,5.36,25267,379.42,,0
929EDL2056-089,194.97,,,273.38,5.36,30620,379.42,4.28,1560
929EDL2056-090,194.97,,,273.38,5.36,27658,379.42,4.28,899
929EDL2056-091,194.97,,,273.38,5.36,41430,379.42,4.28,863
929EDL2056-092,194.97,,,273.38,5.36,24187,379.42,,0
929EDL2056-093,194.97,,,273.38,5.36,38314,379.42,4.28,3037
929EDL2056-094,194.97,,,273.38,5.36,25496,379.42,4.3,701
929EDL2056-095,194.97,,,273.38,5.36,21313,379.42,4.28,1662
929EDL2056-096,194.97,,,273.38,5.36,24630,379.42,,0
